StartDate,EndDate,Progress,Duration (in seconds),Finished,RecordedDate,ResponseId,RecipientLastName,RecipientFirstName,RecipientEmail,ExternalReference,LocationLatitude,LocationLongitude,DistributionChannel,UserLanguage,Q_DuplicateRespondent,Q101,Gender,Age,Ethnicity1,Ethnicity1_6_TEXT,Education,Familiar_1,Comfortable_1,Text Entry _1,Text Entry _2,Text Entry _3,Text Entry _4,Expression A: choice,Q80,Expression A: scale ,Expression B: choice,Q82,Expression B: scale,Expression C: choice,Q83,Expression C: scale,Expression D: choice,Q84,Expression D: scale,Confidence: DOP,Confidence SOA,Fear DOP ,Fear DOS,Fear_NOP,Fear_NOR,Fear_SOA,Fear_SOR,Q79,,,Curious DOP,Curious DOT,Curious LAH,Curious LAV,Curious SOA,Curious SOT,Hesitant_DOP,Hesitant_DOR,Hesitant_DOT,Hesitant_NOR,Hesitant_SOA,Hesitant_SOR
Start Date,End Date,Progress,Duration (in seconds),Finished,Recorded Date,Response ID,Recipient Last Name,Recipient First Name,Recipient Email,External Data Reference,Location Latitude,Location Longitude,Distribution Channel,User Language,Q_DuplicateRespondent,Consent Form,What is your gender?,What is your age?,What ethnicity would you describe yourself as? - Selected Choice,What ethnicity would you describe yourself as? - Other - Text,What is the highest degree or level of school you have completed?,How familiar are you with robots? - Familiarity,How comfortable are you in working with robots? - Comfort,"(Optional) For each expression, what words would you use to describe the mental state of the robot? - Expression A","(Optional) For each expression, what words would you use to describe the mental state of the robot? - Expression C","(Optional) For each expression, what words would you use to describe the mental state of the robot? - Expression D","(Optional) For each expression, what words would you use to describe the mental state of the robot? - Expression B",Select the mental state of the robot that best matches Expression A,"If other, then please enter the mental state that best matches Expression A","Rate the degree of (no selection yet) in Expression A, with 1 being slightly (no selection yet) and 5 being extremely (no selection yet).",Select the mental state of the robot that best matches Expression B,"If other, then please enter the mental state that best matches Expression B","Rate the degree of (no selection yet) in Expression B, with 1 being slightly (no selection yet) and 5 being extremely (no selection yet).",Select the mental state of the robot that best matches Expression C,"If other, then please enter the mental state that best matches Expression C","Rate the degree of (no selection yet) in Expression C, with 1 being slightly (no selection yet) and 5 being extremely (no selection yet).",Select the mental state of the robot that best matches Expression D,"If other, then please enter the mental state that best matches Expression D","Rate the degree of (no selection yet) in Expression D, with 1 being slightly (no selection yet) and 5 being extremely (no selection yet).",Which robot appears more confident?,Which robot appears more confident?,Which robot appears more fearful?,Which robot appears more fearful?,Which robot appears more fearful?,Which robot appears more fearful?,Which robot appears more fearful?,Which robot appears more fearful?,Please enter your birth year,,,Which robot appears more curious?,Which robot appears more curious?,Which robot appears more curious?,Which robot appears more curious?,Which robot appears more curious?,Which robot appears more curious?,Which robot appears more hesitant?,Which robot appears more hesitant?,Which robot appears more hesitant?,Which robot appears more hesitant?,Which robot appears more hesitant?,Which robot appears more hesitant?
"{""ImportId"":""startDate"",""timeZone"":""Asia/Hong_Kong""}","{""ImportId"":""endDate"",""timeZone"":""Asia/Hong_Kong""}","{""ImportId"":""progress""}","{""ImportId"":""duration""}","{""ImportId"":""finished""}","{""ImportId"":""recordedDate"",""timeZone"":""Asia/Hong_Kong""}","{""ImportId"":""_recordId""}","{""ImportId"":""recipientLastName""}","{""ImportId"":""recipientFirstName""}","{""ImportId"":""recipientEmail""}","{""ImportId"":""externalDataReference""}","{""ImportId"":""locationLatitude""}","{""ImportId"":""locationLongitude""}","{""ImportId"":""distributionChannel""}","{""ImportId"":""userLanguage""}","{""ImportId"":""Q_DuplicateRespondent""}","{""ImportId"":""QID110""}","{""ImportId"":""QID1""}","{""ImportId"":""QID2_TEXT""}","{""ImportId"":""QID4""}","{""ImportId"":""QID4_6_TEXT""}","{""ImportId"":""QID5""}","{""ImportId"":""QID16_1""}","{""ImportId"":""QID10_1""}","{""ImportId"":""QID49_1""}","{""ImportId"":""QID49_2""}","{""ImportId"":""QID49_3""}","{""ImportId"":""QID49_4""}","{""ImportId"":""QID55""}","{""ImportId"":""QID89_TEXT""}","{""ImportId"":""QID56""}","{""ImportId"":""QID64""}","{""ImportId"":""QID93_TEXT""}","{""ImportId"":""QID65""}","{""ImportId"":""QID59""}","{""ImportId"":""QID91_TEXT""}","{""ImportId"":""QID58""}","{""ImportId"":""QID62""}","{""ImportId"":""QID92_TEXT""}","{""ImportId"":""QID63""}","{""ImportId"":""QID20""}","{""ImportId"":""QID66""}","{""ImportId"":""QID73""}","{""ImportId"":""QID74""}","{""ImportId"":""QID76""}","{""ImportId"":""QID75""}","{""ImportId"":""QID77""}","{""ImportId"":""QID78""}","{""ImportId"":""QID88_TEXT""}",,,"{""ImportId"":""QID67""}","{""ImportId"":""QID68""}","{""ImportId"":""QID69""}","{""ImportId"":""QID71""}","{""ImportId"":""QID70""}","{""ImportId"":""QID72""}","{""ImportId"":""QID79""}","{""ImportId"":""QID80""}","{""ImportId"":""QID81""}","{""ImportId"":""QID82""}","{""ImportId"":""QID83""}","{""ImportId"":""QID84""}"
28/9/2025 22:01,28/9/2025 22:15,100,870,TRUE,28/9/2025 22:15,R_9ZK7DQE86ohjL13,,,,,1.3209,103.8331,anonymous,EN,,"I have read and understood the above consent form. I certify that I am 18 years old or older and, by clicking the next button to enter the survey, I indicate my willingness to voluntarily take part in the study.",Female,29,Indian,,Master's degree or equivalent,Not Familiar,Moderately Comfortable,Confident ,Cautious ,Scared,Under confident,Confidence,,5,Hesitation,,4,Fear,,5,Curiosity,,4,Robot 1,Robot 1,Robot 1,Both appear equally fearful,Robot 2,Robot 2,Robot 2,Both appear equally fearful,1996,30,1,Robot 2,Both appear equally curious,Robot 1,Robot 1,Robot 2,Both appear equally curious,Robot 1,Robot 1,Both appear equally hesitant,Robot 2,Both appear equally hesitant,Both appear equally hesitant
2/10/2025 9:57,2/10/2025 10:13,100,948,TRUE,2/10/2025 10:13,R_4GW7kSMAbKcMD09,,,,,1.3236,103.7909,anonymous,EN,,"I have read and understood the above consent form. I certify that I am 18 years old or older and, by clicking the next button to enter the survey, I indicate my willingness to voluntarily take part in the study.",Female,29,Indian,,Master's degree or equivalent,Very Familiar,Very Comfortable,Confident,Hesitant ,Cautious,Scared,Confidence,,4,Hesitation,,4,Curiosity,,3,Fear,,5,Robot 1,Robot 1,Both appear equally fearful,Both appear equally fearful,Robot 2,Robot 2,Robot 2,Robot 2,1996,30,1,Robot 2,Robot 2,Robot 2,Robot 1,Robot 2,Both appear equally curious,Robot 2,Robot 1,Both appear equally hesitant,Robot 2,Robot 1,Both appear equally hesitant
2/10/2025 11:43,2/10/2025 11:58,100,896,TRUE,2/10/2025 11:58,R_9JhTPJLerQQmqOZ,,,,,1.3236,103.7909,anonymous,EN,,"I have read and understood the above consent form. I certify that I am 18 years old or older and, by clicking the next button to enter the survey, I indicate my willingness to voluntarily take part in the study.",Male,50,Chinese,,Master's degree or equivalent,Moderately Familiar,Very Comfortable,,,Cautious ,Cautious ,Confidence,,5,None,,,Hesitation,,5,Curiosity,,4,Both appear equally confident,Robot 1,Both appear equally fearful,Both appear equally fearful,Both appear equally fearful,Robot 2,Neither appears fearful,Both appear equally fearful,1974,52,2,Both appear equally curious,Robot 2,Robot 1,Robot 1,Robot 2,Robot 1,Robot 1,Robot 1,Both appear equally hesitant,Robot 2,Both appear equally hesitant,Robot 1
2/10/2025 11:45,2/10/2025 12:01,100,976,TRUE,2/10/2025 12:01,R_9odaW2mNqLWmWRf,,,,,22.2578,114.1657,anonymous,EN,,"I have read and understood the above consent form. I certify that I am 18 years old or older and, by clicking the next button to enter the survey, I indicate my willingness to voluntarily take part in the study.",Female,27,Indian,,Master's degree or equivalent,Moderately Familiar,Very Comfortable,Curious,Confident,Confused,Scared,Curiosity,,4,Confidence,,4,Hesitation,,5,Fear,,5,Both appear equally confident,Robot 1,Robot 1,Both appear equally fearful,Robot 2,Robot 2,Both appear equally fearful,Both appear equally fearful,1997,29,2,Both appear equally curious,Neither appears curious,Both appear equally curious,Robot 1,Robot 1,Neither appears curious,Robot 1,Robot 1,Neither appears hesitant,Robot 2,Both appear equally hesitant,Neither appears hesitant
2/10/2025 12:15,2/10/2025 12:27,100,712,TRUE,2/10/2025 12:27,R_9EjefzFS210UeQy,,,,,1.3272,103.9147,anonymous,EN,,"I have read and understood the above consent form. I certify that I am 18 years old or older and, by clicking the next button to enter the survey, I indicate my willingness to voluntarily take part in the study.",Prefer not to say,20,Chinese,,High school degree or equivalent,Moderately Familiar,Moderately Comfortable,Curious and bold ,Curious and contemplative ,Curious but cautious ,Startled but curious ,Confidence,,5,Curiosity,,5,Hesitation,,5,Fear,,5,Robot 1,Robot 1,Robot 1,Both appear equally fearful,Robot 2,Both appear equally fearful,Robot 2,Both appear equally fearful,2005,21,1,Both appear equally curious,Robot 2,Robot 1,Robot 1,Robot 1,Both appear equally curious,Robot 1,Robot 1,Both appear equally hesitant,Robot 2,Robot 1,Robot 2
2/10/2025 12:22,2/10/2025 12:33,100,668,TRUE,2/10/2025 12:33,R_4xgYtzLBRaz0eYx,,,,,1.3652,103.8367,anonymous,EN,,"I have read and understood the above consent form. I certify that I am 18 years old or older and, by clicking the next button to enter the survey, I indicate my willingness to voluntarily take part in the study.",Male,26,Other,Japanese,High school degree or equivalent,Moderately Familiar,Very Comfortable,Comfortable,Slightly wary,Curious,Cautious,Confidence,,4,Fear,,4,Curiosity,,5,Hesitation,,4,Robot 1,Robot 1,Robot 2,Neither appears fearful,Robot 1,Robot 1,Robot 2,Robot 2,1999,27,1,Robot 1,Robot 2,Robot 2,Neither appears curious,Robot 1,Robot 2,Robot 1,Neither appears hesitant,Robot 1,Robot 2,Robot 1,Robot 2
2/10/2025 12:27,2/10/2025 12:40,100,723,TRUE,2/10/2025 12:40,R_9nOZZoWIH4plN3m,,,,,1.3248,103.8566,anonymous,EN,,"I have read and understood the above consent form. I certify that I am 18 years old or older and, by clicking the next button to enter the survey, I indicate my willingness to voluntarily take part in the study.",Male,27,Malay,,High school degree or equivalent,Slightly Familiar,Slightly Comfortable,Calm ,Cautious,Scared,High Alert,Confidence,,5,Curiosity,,5,Hesitation,,3,Fear,,5,Robot 1,Robot 1,Robot 1,Robot 1,Robot 1,Robot 2,Robot 2,Robot 2,1998,28,1,Robot 2,Robot 2,Robot 1,Robot 1,Robot 2,Robot 1,Both appears equally hesitant,Robot 1,Robot 1,Robot 2,Robot 1,Robot 2
2/10/2025 12:22,2/10/2025 12:42,100,1153,TRUE,2/10/2025 12:42,R_4Es2ceEvkED48jp,,,,,1.3652,103.8367,anonymous,EN,,"I have read and understood the above consent form. I certify that I am 18 years old or older and, by clicking the next button to enter the survey, I indicate my willingness to voluntarily take part in the study.",Female,28,Chinese,,Bachelor's degree or equivalent,Moderately Familiar,Moderately Comfortable,confident,cautious,scared/fearful,curious,Confidence,,5,Hesitation,,5,Fear,,5,Curiosity,,5,Robot 1,Robot 1,Robot 1,Robot 1,Robot 2,Robot 2,Robot 1,Robot 1,1997,29,1,Robot 2,Robot 2,Robot 2,Both appear equally curious,Robot 2,Both appear equally curious,Both appears equally hesitant,Robot 1,Robot 1,Robot 2,Robot 1,Robot 2
2/10/2025 12:38,2/10/2025 12:53,100,903,TRUE,2/10/2025 12:53,R_4MokM8NoCaHBNcT,,,,,23.5159,87.307,anonymous,EN,,"I have read and understood the above consent form. I certify that I am 18 years old or older and, by clicking the next button to enter the survey, I indicate my willingness to voluntarily take part in the study.",Male,46,Indian,,Bachelor's degree or equivalent,Slightly Familiar,Moderately Comfortable,Confident ,Thinker or slow compare to A,Confused ,Hesitate ,Confidence,,4,Fear,,3,Hesitation,,4,Curiosity,,3,Robot 1,Robot 1,Robot 1,Both appear equally fearful,Robot 2,Robot 2,Robot 2,Both appear equally fearful,1979,47,1,Robot 2,Robot 2,Robot 1,Robot 1,Robot 2,Robot 2,Robot 1,Robot 1,Robot 1,Robot 2,Robot 1,Both appear equally hesitant
2/10/2025 12:59,2/10/2025 13:19,100,1230,TRUE,2/10/2025 13:19,R_4Dx6KbvRMMGzaKl,,,,,28.4098,77.31,anonymous,EN,,"I have read and understood the above consent form. I certify that I am 18 years old or older and, by clicking the next button to enter the survey, I indicate my willingness to voluntarily take part in the study.",Male,28,Indian,,Master's degree or equivalent,Slightly Familiar,Very Comfortable,,,,,Curiosity,,2,Other,Cautious,3,Hesitation,,2,Fear,,2,Robot 1,Robot 1,Robot 1,Robot 1,Robot 2,Robot 2,Robot 1,Robot 1,1997,29,1,Robot 1,Robot 1,Robot 2,Robot 2,Robot 1,Both appear equally curious,Robot 1,Robot 2,Both appear equally hesitant,Robot 2,Robot 2,Both appear equally hesitant
2/10/2025 13:35,2/10/2025 13:53,100,1080,TRUE,2/10/2025 13:53,R_4CTJI2JL6BLsoA9,,,,,1.3691,103.8863,anonymous,EN,,"I have read and understood the above consent form. I certify that I am 18 years old or older and, by clicking the next button to enter the survey, I indicate my willingness to voluntarily take part in the study.",Male,59,Chinese,,Bachelor's degree or equivalent,Moderately Familiar,Very Comfortable,Confident ,Doubt,Shy,Fear,Confidence,,5,Hesitation,,4,Other,Shy,5,Fear,,4,Robot 1,Robot 1,Robot 1,Both appear equally fearful,Robot 2,Robot 2,Robot 2,Robot 1,1966,60,1,Robot 2,Both appear equally curious,Robot 1,Robot 1,Robot 2,Robot 2,Robot 1,Robot 1,Robot 1,Robot 2,Robot 1,Robot 1
2/10/2025 14:06,2/10/2025 14:17,100,664,TRUE,2/10/2025 14:17,R_41uLaMsiT089zMI,,,,,28.6327,77.2198,anonymous,EN,,"I have read and understood the above consent form. I certify that I am 18 years old or older and, by clicking the next button to enter the survey, I indicate my willingness to voluntarily take part in the study.",Male,28,Indian,,Master's degree or equivalent,Moderately Familiar,Slightly Comfortable,,,,,Confidence,,3,Curiosity,,3,Fear,,3,Hesitation,,3,Robot 2,Robot 1,Both appear equally fearful,Both appear equally fearful,Both appear equally fearful,Robot 2,Robot 2,Both appear equally fearful,1996,30,2,Robot 1,Both appear equally curious,Both appear equally curious,Both appear equally curious,Robot 2,Robot 1,Both appears equally hesitant,Both appear equally hesitant,Both appear equally hesitant,Robot 2,Both appear equally hesitant,Robot 2
2/10/2025 13:56,2/10/2025 14:22,100,1575,TRUE,2/10/2025 14:22,R_9e2q3Gl0bLpU5Al,,,,,28.6327,77.2198,anonymous,EN,,"I have read and understood the above consent form. I certify that I am 18 years old or older and, by clicking the next button to enter the survey, I indicate my willingness to voluntarily take part in the study.",Male,28,Indian,,Doctorate or professional degree,Not Familiar,Not Comfortable,,,,,None,,,None,,,None,,,None,,,Both appear equally confident,Both appear equally confident,Both appear equally fearful,Both appear equally fearful,Both appear equally fearful,Both appear equally fearful,Both appear equally fearful,Both appear equally fearful,1987,39,11,Both appear equally curious,Both appear equally curious,Both appear equally curious,Both appear equally curious,Both appear equally curious,Both appear equally curious,Both appears equally hesitant,Both appear equally hesitant,Both appear equally hesitant,Both appear equally hesitant,Both appear equally hesitant,Both appear equally hesitant
2/10/2025 14:28,2/10/2025 14:39,100,652,TRUE,2/10/2025 14:39,R_8VykNx35iZYFkri,,,,,63.8247,20.2559,anonymous,EN,,"I have read and understood the above consent form. I certify that I am 18 years old or older and, by clicking the next button to enter the survey, I indicate my willingness to voluntarily take part in the study.",Male,33,Indian,,Doctorate or professional degree,Slightly Familiar,Moderately Comfortable,,,,,Confidence,,4,Curiosity,,3,Hesitation,,4,Fear,,4,Robot 1,Robot 1,Robot 1,Both appear equally fearful,Robot 2,Robot 2,Robot 2,Robot 1,1991,35,2,Robot 2,Robot 2,Robot 1,Robot 1,Robot 2,Both appear equally curious,Robot 1,Robot 1,Both appear equally hesitant,Robot 2,Robot 1,Robot 1
2/10/2025 13:57,2/10/2025 14:43,100,2805,TRUE,2/10/2025 14:43,R_4ewX3L6oqFqH2b7,,,,,28.6327,77.2198,anonymous,EN,,"I have read and understood the above consent form. I certify that I am 18 years old or older and, by clicking the next button to enter the survey, I indicate my willingness to voluntarily take part in the study.",Male,29,Indian,,Bachelor's degree or equivalent,Moderately Familiar,Moderately Comfortable,Confident,Confused,Hesitant,Scared,Confidence,,4,Curiosity,,3,Hesitation,,4,Fear,,4,Robot 1,Robot 1,Both appear equally fearful,Robot 1,Both appear equally fearful,Robot 2,Robot 2,Robot 1,1996,30,1,Robot 2,Robot 2,Robot 1,Robot 1,Both appear equally curious,Both appear equally curious,Robot 1,Robot 1,Both appear equally hesitant,Robot 2,Both appear equally hesitant,Both appear equally hesitant
2/10/2025 16:05,2/10/2025 16:13,100,523,TRUE,2/10/2025 16:13,R_9UBkZnHy0Oz89YR,,,,,22.2578,114.1657,anonymous,EN,,"I have read and understood the above consent form. I certify that I am 18 years old or older and, by clicking the next button to enter the survey, I indicate my willingness to voluntarily take part in the study.",Male,29,Other,Kashmiri,Doctorate or professional degree,Extremely Familiar,Extremely Comfortable,Curious,Curious but hesitant ,Thinking ,Curious and afraid ,Curiosity,,3,Hesitation,,4,Confidence,,1,Fear,,1,Robot 1,Robot 1,Robot 1,Both appear equally fearful,Robot 2,Robot 2,Robot 2,Robot 1,96,1930,1901,Robot 2,Robot 2,Robot 1,Robot 1,Robot 2,Robot 2,Robot 1,Robot 1,Both appear equally hesitant,Robot 2,Robot 1,Robot 1
2/10/2025 17:08,2/10/2025 17:16,100,485,TRUE,2/10/2025 17:16,R_4szACeiumStEFjK,,,,,1.3164,103.9232,anonymous,EN,,"I have read and understood the above consent form. I certify that I am 18 years old or older and, by clicking the next button to enter the survey, I indicate my willingness to voluntarily take part in the study.",Male,27,Chinese,,Master's degree or equivalent,Very Familiar,Very Comfortable,Static,Cautious,Curious,Fearful,Confidence,,4,Curiosity,,5,Hesitation,,5,Fear,,5,Robot 1,Robot 1,Robot 1,Robot 1,Robot 2,Robot 2,Robot 2,Both appear equally fearful,1998,28,1,Robot 2,Robot 2,Robot 1,Both appear equally curious,Robot 1,Both appear equally curious,Robot 1,Robot 1,Both appear equally hesitant,Robot 2,Robot 1,Robot 1
2/10/2025 18:56,2/10/2025 19:49,100,3176,TRUE,2/10/2025 19:49,R_990QOgXIvhG9982,,,,,28.5759,77.3345,anonymous,EN,,"I have read and understood the above consent form. I certify that I am 18 years old or older and, by clicking the next button to enter the survey, I indicate my willingness to voluntarily take part in the study.",Female,57,Indian,,Bachelor's degree or equivalent,Moderately Familiar,Slightly Comfortable,Hesitate ,Hesitate ,Confused,Fear,Hesitation,,1,Hesitation,,2,Fear,,3,Fear,,4,Robot 1,Robot 1,Robot 1,Robot 1,Robot 2,Robot 2,Robot 2,Robot 2,1968,58,1,Robot 1,Robot 2,Robot 2,Robot 1,Robot 1,Robot 1,Robot 1,Robot 1,Robot 2,Robot 2,Robot 1,Robot 2
2/10/2025 19:44,2/10/2025 19:52,100,449,TRUE,2/10/2025 19:52,R_42D4RXeSCbSZQ0i,,,,,1.2864,103.8503,anonymous,EN,,"I have read and understood the above consent form. I certify that I am 18 years old or older and, by clicking the next button to enter the survey, I indicate my willingness to voluntarily take part in the study.",Male,26,Chinese,,Bachelor's degree or equivalent,Slightly Familiar,Very Comfortable,blunt,hesitant,careful,afraid,Confidence,,5,Hesitation,,3,Other,Careful,,Fear,,5,Robot 1,Robot 1,Both appear equally fearful,Robot 1,Robot 1,Both appear equally fearful,Robot 1,Both appear equally fearful,1999,27,1,Both appear equally curious,Robot 2,Robot 2,Both appear equally curious,Robot 1,Both appear equally curious,Both appears equally hesitant,Robot 1,Both appear equally hesitant,Robot 2,Robot 1,Both appear equally hesitant
2/10/2025 20:13,2/10/2025 20:24,100,635,TRUE,2/10/2025 20:24,R_90dHl91chn2KHiU,,,,,1.2939,103.8461,anonymous,EN,,"I have read and understood the above consent form. I certify that I am 18 years old or older and, by clicking the next button to enter the survey, I indicate my willingness to voluntarily take part in the study.",Male,26,Chinese,,Bachelor's degree or equivalent,Moderately Familiar,Moderately Comfortable,Clean,Slow,Fearful,Hesitant,Confidence,,5,Curiosity,,3,Fear,,5,Hesitation,,5,Robot 1,Robot 1,Both appear equally fearful,Both appear equally fearful,Both appear equally fearful,Both appear equally fearful,Both appear equally fearful,Both appear equally fearful,1999,27,1,Robot 2,Robot 2,Robot 1,Robot 2,Robot 1,Robot 1,Robot 1,Robot 1,Neither appears hesitant,Robot 2,Robot 1,Robot 2
2/10/2025 20:44,2/10/2025 22:16,100,5501,TRUE,2/10/2025 22:16,R_9FP3XCMZjstO4Bg,,,,,1.3236,103.7909,anonymous,EN,,"I have read and understood the above consent form. I certify that I am 18 years old or older and, by clicking the next button to enter the survey, I indicate my willingness to voluntarily take part in the study.",Male,26,Chinese,,Bachelor's degree or equivalent,Slightly Familiar,Moderately Comfortable,,,,,Curiosity,,2,Hesitation,,3,Fear,,4,Fear,,4,Robot 1,Robot 1,Robot 1,Both appear equally fearful,Both appear equally fearful,Robot 2,Robot 2,Robot 1,1999,27,1,Robot 1,Robot 2,Robot 1,Robot 2,Robot 1,Robot 1,Both appears equally hesitant,Both appear equally hesitant,Robot 1,Robot 2,Both appear equally hesitant,Robot 2
3/10/2025 1:05,3/10/2025 1:11,100,334,TRUE,3/10/2025 1:11,R_9gkKoSXywWUm5c5,,,,,28.6542,77.2373,anonymous,EN,,"I have read and understood the above consent form. I certify that I am 18 years old or older and, by clicking the next button to enter the survey, I indicate my willingness to voluntarily take part in the study.",Male,28,Indian,,Doctorate or professional degree,Slightly Familiar,Slightly Comfortable,Eager ,Normal,Tentative,Scared,Confidence,,3,Curiosity,,3,Hesitation,,4,Fear,,4,Both appear equally confident,Robot 1,Both appear equally fearful,Robot 1,Robot 2,Robot 2,Both appear equally fearful,Robot 2,1996,30,2,Both appear equally curious,Robot 1,Robot 1,Robot 1,Robot 2,Both appear equally curious,Robot 1,Robot 2,Both appear equally hesitant,Robot 2,Robot 1,Robot 1
3/10/2025 4:08,3/10/2025 4:22,100,829,TRUE,3/10/2025 4:22,R_2XnrWSb9hpNoG41,,,,,43.847,10.5018,anonymous,EN,,"I have read and understood the above consent form. I certify that I am 18 years old or older and, by clicking the next button to enter the survey, I indicate my willingness to voluntarily take part in the study.",Male,41,Other,European,High school degree or equivalent,Slightly Familiar,Moderately Comfortable,,,,,Confidence,,4,Curiosity,,3,Hesitation,,4,Fear,,3,Robot 1,Robot 1,Robot 1,Robot 1,Robot 2,Robot 2,Robot 2,Both appear equally fearful,1983,43,2,Robot 2,Robot 2,Robot 2,Robot 2,Robot 1,Robot 1,Robot 1,Robot 1,Robot 1,Robot 2,Robot 1,Robot 1
3/10/2025 4:34,3/10/2025 4:51,100,1009,TRUE,3/10/2025 4:51,R_7GdxABCM6JlAF7H,,,,,33.882,-80.404,anonymous,EN,,"I have read and understood the above consent form. I certify that I am 18 years old or older and, by clicking the next button to enter the survey, I indicate my willingness to voluntarily take part in the study.",Male,37,Other,Caucasian,Bachelor's degree or equivalent,Slightly Familiar,Slightly Comfortable,Confident,Curious,Fearful,Hesitant,Confidence,,5,Curiosity,,5,Fear,,4,Hesitation,,4,Robot 1,Robot 1,Robot 1,Both appear equally fearful,Robot 2,Robot 2,Both appear equally fearful,Both appear equally fearful,1988,38,1,Robot 2,Robot 2,Robot 1,Both appear equally curious,Robot 1,Both appear equally curious,Robot 1,Robot 1,Robot 1,Robot 2,Both appear equally hesitant,Both appear equally hesitant
3/10/2025 8:00,3/10/2025 8:10,100,619,TRUE,3/10/2025 8:10,R_4P787GeJXd0B8zd,,,,,1.3254,103.7433,anonymous,EN,,"I have read and understood the above consent form. I certify that I am 18 years old or older and, by clicking the next button to enter the survey, I indicate my willingness to voluntarily take part in the study.",Male,32,Indian,,Master's degree or equivalent,Moderately Familiar,Very Comfortable,,,,,Confidence,,4,Hesitation,,3,Fear,,3,Curiosity,,3,Robot 1,Robot 1,Robot 1,Both appear equally fearful,Robot 1,Robot 2,Robot 2,Robot 1,1993,33,1,Robot 1,Robot 2,Robot 1,Robot 1,Robot 1,Robot 2,Robot 2,Both appear equally hesitant,Both appear equally hesitant,Robot 1,Robot 1,Robot 1
3/10/2025 8:13,3/10/2025 8:27,100,802,TRUE,3/10/2025 8:27,R_9XPFyggLKz3YFNv,,,,,1.3596,103.8637,anonymous,EN,,"I have read and understood the above consent form. I certify that I am 18 years old or older and, by clicking the next button to enter the survey, I indicate my willingness to voluntarily take part in the study.",Female,26,Chinese,,Bachelor's degree or equivalent,Moderately Familiar,Moderately Comfortable,Curious,Sly,Scared,Wary,Curiosity,,4,Other,Sly,4,Fear,,4,Fear,,3,Robot 1,Robot 1,Robot 1,Both appear equally fearful,Robot 2,Robot 2,Robot 2,Robot 1,1999,27,1,Robot 1,Robot 1,Both appear equally curious,Both appear equally curious,Robot 1,Robot 1,Robot 1,Robot 1,Robot 2,Robot 2,Both appear equally hesitant,Robot 1
3/10/2025 10:45,3/10/2025 10:59,100,809,TRUE,3/10/2025 10:59,R_4JF2sbSz6dxD84x,,,,,1.3216,103.8789,anonymous,EN,,"I have read and understood the above consent form. I certify that I am 18 years old or older and, by clicking the next button to enter the survey, I indicate my willingness to voluntarily take part in the study.",Male,26,Chinese,,Bachelor's degree or equivalent,Extremely Familiar,Extremely Comfortable,Neutral,amazed,"wary, curious","shocked,curious",Confidence,,5,Other,amazed,3,Fear,,3,Curiosity,,3,Robot 1,Robot 1,Robot 2,Robot 1,Robot 1,Robot 2,Both appear equally fearful,Robot 2,1999,27,1,Robot 2,Robot 2,Robot 1,Both appear equally curious,Robot 1,Robot 1,Robot 1,Robot 1,Robot 2,Robot 2,Robot 1,Robot 1
3/10/2025 13:09,3/10/2025 13:17,100,485,TRUE,3/10/2025 13:17,R_9JJLLM9lCwY41me,,,,,3.1325,101.6922,anonymous,EN,,"I have read and understood the above consent form. I certify that I am 18 years old or older and, by clicking the next button to enter the survey, I indicate my willingness to voluntarily take part in the study.",Female,25,Chinese,,Bachelor's degree or equivalent,Slightly Familiar,Slightly Comfortable,Confident,Weary,"Hesitant, careful","Take aback, nervous ",Confidence,,4,Curiosity,,3,Hesitation,,5,Fear,,5,Robot 1,Robot 1,Robot 1,Neither appears fearful,Both appear equally fearful,Neither appears fearful,Robot 1,Robot 2,2000,26,1,Robot 1,Robot 2,Both appear equally curious,Robot 1,Robot 1,Both appear equally curious,Both appears equally hesitant,Robot 1,Both appear equally hesitant,Robot 2,Both appear equally hesitant,Robot 2
3/10/2025 13:58,3/10/2025 14:10,100,715,TRUE,3/10/2025 14:10,R_4XLG0zaQ3qsWtzP,,,,,13.0895,80.2739,anonymous,EN,,"I have read and understood the above consent form. I certify that I am 18 years old or older and, by clicking the next button to enter the survey, I indicate my willingness to voluntarily take part in the study.",Female,31,Indian,,Master's degree or equivalent,Moderately Familiar,Moderately Comfortable,Calm,,Hesitation,Fear,Confidence,,4,Curiosity,,4,Hesitation,,5,Fear,,4,Robot 1,Robot 1,Robot 2,Neither appears fearful,Robot 1,Robot 2,Robot 1,Robot 2,1994,32,1,Robot 2,Robot 1,Robot 1,Robot 1,Robot 2,Robot 2,Robot 2,Robot 2,Both appear equally hesitant,Robot 2,Both appear equally hesitant,Both appear equally hesitant
3/10/2025 18:08,3/10/2025 18:23,100,882,TRUE,3/10/2025 18:23,R_8zLLGTq1AdbvYRQ,,,,,30.7339,76.7889,anonymous,EN,,"I have read and understood the above consent form. I certify that I am 18 years old or older and, by clicking the next button to enter the survey, I indicate my willingness to voluntarily take part in the study.",Female,29,Indian,,Master's degree or equivalent,Not Familiar,Not Comfortable,confident,little clear,confused,confused,Confidence,,5,Hesitation,,3,Hesitation,,3,Fear,,4,Robot 1,Robot 1,Robot 1,Both appear equally fearful,Robot 1,Robot 2,Robot 1,Both appear equally fearful,1995,31,2,Robot 2,Robot 2,Robot 1,Robot 1,Both appear equally curious,Both appear equally curious,Both appears equally hesitant,Robot 1,Both appear equally hesitant,Robot 2,Robot 1,Robot 1
4/10/2025 18:36,4/10/2025 18:47,100,637,TRUE,4/10/2025 18:47,R_4Yy6qY3Q6jSQ1ko,,,,,1.3153,103.9143,anonymous,EN,,"I have read and understood the above consent form. I certify that I am 18 years old or older and, by clicking the next button to enter the survey, I indicate my willingness to voluntarily take part in the study.",Female,52,Chinese,,Bachelor's degree or equivalent,Slightly Familiar,Moderately Comfortable,,,,,Confidence,,4,Confidence,,4,Hesitation,,4,Fear,,3,Robot 1,Robot 1,Robot 1,Robot 1,Robot 2,Robot 2,Robot 2,Robot 1,1973,53,1,Robot 1,Robot 2,Robot 1,Robot 1,Robot 1,Robot 2,Robot 1,Robot 1,Robot 1,Robot 2,Robot 1,Robot 1
5/10/2025 14:29,5/10/2025 15:05,100,2131,TRUE,5/10/2025 15:05,R_9nkNIK6H1P3EqGh,,,,,28.6327,77.2198,anonymous,EN,,"I have read and understood the above consent form. I certify that I am 18 years old or older and, by clicking the next button to enter the survey, I indicate my willingness to voluntarily take part in the study.",Male,61,Indian,,Doctorate or professional degree,Slightly Familiar,Slightly Comfortable,,,,,Confidence,,5,Curiosity,,3,Hesitation,,4,Fear,,3,Neither appears confident,Neither appears confident,Robot 1,Both appear equally fearful,Neither appears fearful,Robot 2,Both appear equally fearful,Both appear equally fearful,1965,61,0,Robot 1,Robot 1,Robot 1,Robot 1,Neither appears curious,Both appear equally curious,Robot 1,Robot 1,Both appear equally hesitant,Robot 2,Robot 1,Both appear equally hesitant
6/10/2025 11:46,6/10/2025 11:54,100,498,TRUE,6/10/2025 11:54,R_5LzB78Jo9gT8WtZ,,,,,37.7562,-122.4866,anonymous,EN,,"I have read and understood the above consent form. I certify that I am 18 years old or older and, by clicking the next button to enter the survey, I indicate my willingness to voluntarily take part in the study.",Female,31,Indian,,Master's degree or equivalent,Slightly Familiar,Moderately Comfortable,,,,,Confidence,,4,Curiosity,,4,Fear,,5,Hesitation,,4,Both appear equally confident,Both appear equally confident,Robot 1,Neither appears fearful,Robot 2,Robot 2,Robot 1,Robot 2,1998,28,-3,Robot 1,Robot 2,Robot 1,Robot 1,Robot 2,Robot 2,Robot 1,Robot 1,Both appear equally hesitant,Robot 2,Robot 1,Robot 2
6/10/2025 20:33,6/10/2025 20:49,100,954,TRUE,6/10/2025 20:49,R_9jkqtG7JABo4Cho,,,,,-6.9217,107.6071,anonymous,EN,,"I have read and understood the above consent form. I certify that I am 18 years old or older and, by clicking the next button to enter the survey, I indicate my willingness to voluntarily take part in the study.",Male,18,Chinese,,High school degree or equivalent,Moderately Familiar,Moderately Comfortable,Confident,Curious,Hesitant,Scared,Confidence,,3,Curiosity,,4,Hesitation,,4,Fear,,5,Robot 1,Robot 1,Robot 1,Robot 1,Robot 2,Robot 2,Robot 2,Robot 2,2006,20,2,Robot 1,Robot 2,Robot 1,Robot 1,Robot 2,Robot 2,Robot 1,Robot 1,Robot 2,Robot 2,Robot 2,Robot 1
30/9/2025 15:52,30/9/2025 16:13,53,1250,FALSE,7/10/2025 16:13,R_4AG4ipOPNGnULOU,,,,,17.3843,78.4583,anonymous,EN,,"I have read and understood the above consent form. I certify that I am 18 years old or older and, by clicking the next button to enter the survey, I indicate my willingness to voluntarily take part in the study.",Female,57,Indian,,Master's degree or equivalent,Slightly Familiar,Very Comfortable,Observant,Checking,Backing out,Confusion,Curiosity,,2,Other,Checking whether it is ok or not and taking diversion,2,Fear,,4,Hesitation,,3,,,,,,,,,,,,,,,,,,,,,,,
30/9/2025 16:21,30/9/2025 16:22,53,50,FALSE,7/10/2025 16:22,R_9dMGBlcOj9TYbOa,,,,,1.3352,103.8529,anonymous,EN,,"I have read and understood the above consent form. I certify that I am 18 years old or older and, by clicking the next button to enter the survey, I indicate my willingness to voluntarily take part in the study.",Female,24,Indian,,Bachelor's degree or equivalent,Slightly Familiar,Slightly Comfortable,A,C,D,B,Curiosity,,3,Hesitation,,4,Confidence,,4,Fear,,2,,,,,,,,,,,,,,,,,,,,,,,
2/10/2025 8:32,2/10/2025 8:33,53,31,FALSE,9/10/2025 8:33,R_4Olf2s2oLx9Z4T1,,,,,1.3652,103.8367,anonymous,EN,,"I have read and understood the above consent form. I certify that I am 18 years old or older and, by clicking the next button to enter the survey, I indicate my willingness to voluntarily take part in the study.",Female,72,Indian,,Doctorate or professional degree,Extremely Familiar,Extremely Comfortable,,,,,None,,,None,,,None,,,None,,,,,,,,,,,,,,,,,,,,,,,,,
2/10/2025 10:53,2/10/2025 10:53,21,47,FALSE,9/10/2025 10:53,R_9Ej6q9SXx1PjLqp,,,,,28.6327,77.2198,anonymous,EN,,"I have read and understood the above consent form. I certify that I am 18 years old or older and, by clicking the next button to enter the survey, I indicate my willingness to voluntarily take part in the study.",Male,24,Indian,,Master's degree or equivalent,Extremely Familiar,Extremely Comfortable,,,,,,,,,,,,,,,,,,,,,,,,,,,,,,,,,,,,,,,
2/10/2025 19:20,2/10/2025 19:20,6,5,FALSE,9/10/2025 19:20,R_95FEfinkjknSsh3,,,,,5.3323,100.4645,anonymous,EN,,"I have read and understood the above consent form. I certify that I am 18 years old or older and, by clicking the next button to enter the survey, I indicate my willingness to voluntarily take part in the study.",,,,,,,,,,,,,,,,,,,,,,,,,,,,,,,,,,,,,,,,,,,,,,
2/10/2025 21:33,2/10/2025 21:39,68,411,FALSE,9/10/2025 21:39,R_9qNVKdAlabUyRmx,,,,,1.3193,103.8674,anonymous,EN,,"I have read and understood the above consent form. I certify that I am 18 years old or older and, by clicking the next button to enter the survey, I indicate my willingness to voluntarily take part in the study.",Female,25,Chinese,,Bachelor's degree or equivalent,Not Familiar,Slightly Comfortable,Confident,Hesitant ,Apprehensive,Fearful,Confidence,,5,Curiosity,,3,Hesitation,,5,Fear,,5,,,Both appear equally fearful,Neither appears fearful,Robot 1,Robot 2,Both appear equally fearful,Robot 1,,,,,,,,,,,,,,,
2/10/2025 22:57,2/10/2025 22:57,6,10,FALSE,9/10/2025 22:57,R_4lxJ9Z5P5mjMgwk,,,,,1.3352,103.8529,anonymous,EN,,"I have read and understood the above consent form. I certify that I am 18 years old or older and, by clicking the next button to enter the survey, I indicate my willingness to voluntarily take part in the study.",,,,,,,,,,,,,,,,,,,,,,,,,,,,,,,,,,,,,,,,,,,,,,
2/10/2025 23:28,2/10/2025 23:29,21,64,FALSE,9/10/2025 23:29,R_9HjKY8FhAp2YRrx,,,,,10.1666,76.446,anonymous,EN,,"I have read and understood the above consent form. I certify that I am 18 years old or older and, by clicking the next button to enter the survey, I indicate my willingness to voluntarily take part in the study.",Male,30,Indian,,Master's degree or equivalent,Moderately Familiar,Slightly Comfortable,,,,,,,,,,,,,,,,,,,,,,,,,,,,,,,,,,,,,,,
3/10/2025 0:26,3/10/2025 1:31,21,3891,FALSE,10/10/2025 1:31,R_6V300D6RCJLrf8w,,,,,37.3512,-121.8846,anonymous,EN,,"I have read and understood the above consent form. I certify that I am 18 years old or older and, by clicking the next button to enter the survey, I indicate my willingness to voluntarily take part in the study.",Female,27,Chinese,,Master's degree or equivalent,Slightly Familiar,Moderately Comfortable,,,,,,,,,,,,,,,,,,,,,,,,,,,,,,,,,,,,,,,
10/10/2025 14:53,10/10/2025 15:01,100,477,TRUE,10/10/2025 15:01,R_4JEhZXcijRc5Sx4,,,,,1.2872,103.8507,anonymous,EN,,"I have read and understood the above consent form. I certify that I am 18 years old or older and, by clicking the next button to enter the survey, I indicate my willingness to voluntarily take part in the study.",Male,30,Indian,,Master's degree or equivalent,Very Familiar,Very Comfortable,Normal,Interested,Observant,Scared,Confidence,,4,Curiosity,,3,Hesitation,,4,Fear,,4,Robot 1,Robot 1,Robot 1,Robot 1,Robot 1,Robot 2,Both appear equally fearful,Robot 1,1995,31,1,Robot 1,Both appear equally curious,Robot 1,Robot 1,Robot 1,Robot 2,Robot 2,Robot 2,Robot 2,Robot 2,Robot 1,Robot 1
10/10/2025 15:01,10/10/2025 15:05,100,211,TRUE,10/10/2025 15:05,R_9BgkI0ya2CCmkIq,,,,,1.2872,103.8507,anonymous,EN,,"I have read and understood the above consent form. I certify that I am 18 years old or older and, by clicking the next button to enter the survey, I indicate my willingness to voluntarily take part in the study.",Male,27,Indian,,Master's degree or equivalent,Extremely Familiar,Extremely Comfortable,Confident,Scrupulous,Skeptical,Scared,Confidence,,5,Curiosity,,3,Hesitation,,4,Fear,,5,Robot 1,Robot 1,Robot 1,Robot 2,Robot 2,Both appear equally fearful,Both appear equally fearful,Robot 1,1998,28,1,Robot 1,Robot 1,Robot 1,Robot 1,Robot 1,Robot 1,Both appears equally hesitant,Robot 1,Robot 2,Robot 2,Robot 1,Robot 2
4/10/2025 15:28,4/10/2025 15:30,21,72,FALSE,11/10/2025 15:30,R_4lMsYon35efur1y,,,,,1.3596,103.8637,anonymous,EN,,"I have read and understood the above consent form. I certify that I am 18 years old or older and, by clicking the next button to enter the survey, I indicate my willingness to voluntarily take part in the study.",Female,52,Chinese,,Bachelor's degree or equivalent,Slightly Familiar,Moderately Comfortable,,,,,,,,,,,,,,,,,,,,,,,,,,,,,,,,,,,,,,,
6/10/2025 10:04,6/10/2025 10:11,70,428,FALSE,13/10/2025 10:11,R_9XcfOXrOYMMmtL1,,,,,1.3563,103.7542,anonymous,EN,,"I have read and understood the above consent form. I certify that I am 18 years old or older and, by clicking the next button to enter the survey, I indicate my willingness to voluntarily take part in the study.",Male,25,"Eurasian,Other",Turkish- Probably Eurasian but not sure :d,Bachelor's degree or equivalent,Moderately Familiar,Very Comfortable,Calm,Careful,Tentative,Anxious,Confidence,,3,Other,Careful,5,Hesitation,,3,Fear,,2,,,,,,,,,1999,,,Robot 1,Robot 2,Robot 1,Robot 1,Robot 1,Robot 2,,,,,,
18/10/2025 3:20,18/10/2025 3:47,100,1637,TRUE,18/10/2025 3:47,R_5eH00ACWA1iNW93,,,,,53.5417,-113.5005,anonymous,EN,,"I have read and understood the above consent form. I certify that I am 18 years old or older and, by clicking the next button to enter the survey, I indicate my willingness to voluntarily take part in the study.",Male,35,"Other,Prefer not to say",,Master's degree or equivalent,Very Familiar,Very Comfortable,aligned,reliable,confused,confused,Confidence,,1,Curiosity,,4,Hesitation,,2,Fear,,3,Robot 1,Robot 1,Neither appears fearful,Robot 2,Robot 2,Neither appears fearful,Robot 2,Robot 1,1989,37,2,Robot 1,Robot 1,Robot 1,Robot 1,Robot 2,Robot 1,Both appears equally hesitant,Robot 2,Robot 1,Robot 2,Robot 1,Robot 1
18/10/2025 3:39,18/10/2025 4:01,100,1278,TRUE,18/10/2025 4:01,R_6yqMmCSY9w0haBM,,,,,43.5873,-79.614,anonymous,EN,,"I have read and understood the above consent form. I certify that I am 18 years old or older and, by clicking the next button to enter the survey, I indicate my willingness to voluntarily take part in the study.",Female,33,Indian,,Bachelor's degree or equivalent,Slightly Familiar,Moderately Comfortable,,,,,Confidence,,4,Curiosity,,4,Hesitation,,4,Fear,,3,Robot 1,Both appear equally confident,Robot 1,Both appear equally fearful,Robot 2,Robot 2,Robot 2,Both appear equally fearful,1991,35,2,Robot 2,Both appear equally curious,Robot 1,Robot 1,Robot 2,Robot 2,Robot 1,Robot 1,Both appear equally hesitant,Robot 2,Robot 1,Both appear equally hesitant
18/10/2025 5:55,18/10/2025 6:01,100,315,TRUE,18/10/2025 6:01,R_7eNSxrUwkKexkSl,,,,,53.459,-113.5227,anonymous,EN,,"I have read and understood the above consent form. I certify that I am 18 years old or older and, by clicking the next button to enter the survey, I indicate my willingness to voluntarily take part in the study.",Male,30,Indian,,Doctorate or professional degree,Moderately Familiar,Slightly Comfortable,Confidence ,Curiosity,Hesitation,Fear,Confidence,,4,Curiosity,,3,Hesitation,,3,Fear,,4,Robot 1,Both appear equally confident,Both appear equally fearful,Robot 2,Both appear equally fearful,Robot 1,Robot 2,Both appear equally fearful,1995,31,1,Robot 2,Both appear equally curious,Both appear equally curious,Robot 2,Both appear equally curious,Robot 1,Both appears equally hesitant,Robot 1,Both appear equally hesitant,Robot 2,Robot 1,Both appear equally hesitant
22/10/2025 2:32,22/10/2025 3:10,100,2253,TRUE,22/10/2025 3:10,R_1onYX3zj14PAJKA,,,,,53.4179,-113.5785,anonymous,EN,,"I have read and understood the above consent form. I certify that I am 18 years old or older and, by clicking the next button to enter the survey, I indicate my willingness to voluntarily take part in the study.",Male,25,Indian,,Bachelor's degree or equivalent,Slightly Familiar,Very Comfortable,Focused,Relaxed ,Confused,Struggling ,Confidence,,4,Fear,,2,Curiosity,,5,Hesitation,,4,Robot 1,Robot 1,Robot 2,Neither appears fearful,Robot 2,Robot 2,Robot 2,Neither appears fearful,2000,26,1,Robot 2,Both appear equally curious,Robot 1,Both appear equally curious,Both appear equally curious,Robot 1,Robot 1,Robot 1,Both appear equally hesitant,Robot 2,Robot 1,Robot 1
18/10/2025 3:33,18/10/2025 3:33,6,14,FALSE,25/10/2025 3:33,R_5C2QoJjoeUALbMj,,,,,51.0406,-114.0764,anonymous,EN,,"I have read and understood the above consent form. I certify that I am 18 years old or older and, by clicking the next button to enter the survey, I indicate my willingness to voluntarily take part in the study.",,,,,,,,,,,,,,,,,,,,,,,,,,,,,,,,,,,,,,,,,,,,,,
22/10/2025 22:52,22/10/2025 23:00,21,498,FALSE,29/10/2025 23:01,R_2Y6lAoftH0tHquJ,,,,,31.6348,-8.0025,anonymous,EN,,"I have read and understood the above consent form. I certify that I am 18 years old or older and, by clicking the next button to enter the survey, I indicate my willingness to voluntarily take part in the study.",Female,24,Other,Arab,Master's degree or equivalent,Slightly Familiar,Slightly Comfortable,,,,,,,,,,,,,,,,,,,,,,,,,,,,,,,,,,,,,,,
16/11/2025 17:05,16/11/2025 17:17,100,714,TRUE,16/11/2025 17:17,R_4rCrrEKkXus9sYx,,,,,1.3563,103.7542,anonymous,EN,,"I have read and understood the above consent form. I certify that I am 18 years old or older and, by clicking the next button to enter the survey, I indicate my willingness to voluntarily take part in the study.",Female,31,Indian,,Master's degree or equivalent,Moderately Familiar,Moderately Comfortable,,,,,Confidence,,3,Confidence,,1,Hesitation,,3,Fear,,3,Robot 1,Robot 1,Robot 1,Both appear equally fearful,Robot 2,Robot 2,Robot 2,Robot 1,1994,32,1,Robot 1,Robot 2,Robot 1,Robot 1,Robot 1,Robot 1,Robot 1,Robot 1,Both appear equally hesitant,Robot 2,Robot 1,Robot 1
16/11/2025 23:47,16/11/2025 23:52,100,328,TRUE,16/11/2025 23:52,R_9VloecKRsfeT8xb,,,,,13.0895,80.2739,anonymous,EN,,"I have read and understood the above consent form. I certify that I am 18 years old or older and, by clicking the next button to enter the survey, I indicate my willingness to voluntarily take part in the study.",Female,37,Eurasian,,Doctorate or professional degree,Moderately Familiar,Moderately Comfortable,Steady,Cautious,Slow,Scared,Confidence,,5,Curiosity,,3,Hesitation,,4,Fear,,5,Robot 1,Robot 1,Robot 1,Both appear equally fearful,Both appear equally fearful,Robot 2,Robot 2,Robot 2,1987,39,2,Neither appears curious,Robot 2,Robot 1,Robot 1,Neither appears curious,Robot 1,Both appears equally hesitant,Robot 1,Both appear equally hesitant,Robot 2,Both appear equally hesitant,Both appear equally hesitant
17/11/2025 1:59,17/11/2025 4:46,100,10015,TRUE,17/11/2025 4:46,R_7fCz4YZO71r0QpL,,,,,32.8003,-117.2438,anonymous,EN,,"I have read and understood the above consent form. I certify that I am 18 years old or older and, by clicking the next button to enter the survey, I indicate my willingness to voluntarily take part in the study.",Female,28,Indian,,Master's degree or equivalent,Extremely Familiar,Very Comfortable,,,,,Curiosity,,3,Confidence,,3,Hesitation,,4,Fear,,4,Robot 1,Robot 1,Robot 1,Both appear equally fearful,Robot 1,Robot 2,Both appear equally fearful,Robot 1,1997,29,1,Robot 1,Robot 2,Robot 2,Robot 1,Both appear equally curious,Both appear equally curious,Robot 1,Robot 1,Both appear equally hesitant,Robot 2,Robot 1,Both appear equally hesitant
17/11/2025 4:43,17/11/2025 4:53,100,584,TRUE,17/11/2025 4:53,R_9zcDGtM7K1GeMvb,,,,,1.3563,103.7542,anonymous,EN,,"I have read and understood the above consent form. I certify that I am 18 years old or older and, by clicking the next button to enter the survey, I indicate my willingness to voluntarily take part in the study.",Male,26,Other,West Asian,Bachelor's degree or equivalent,Moderately Familiar,Moderately Comfortable,Focused,Curious,Hesitant,Scared,Confidence,,5,Curiosity,,3,Hesitation,,3,Fear,,2,Robot 1,Robot 1,Robot 1,Both appear equally fearful,Both appear equally fearful,Robot 2,Robot 2,Robot 2,1999,27,1,Both appear equally curious,Robot 2,Robot 2,Robot 2,Robot 1,Both appear equally curious,Robot 1,Robot 1,Robot 1,Robot 2,Robot 2,Robot 2
17/11/2025 14:16,17/11/2025 14:27,100,645,TRUE,17/11/2025 14:27,R_9EGfm4GXDVaDPCn,,,,,23.0276,72.5871,anonymous,EN,,"I have read and understood the above consent form. I certify that I am 18 years old or older and, by clicking the next button to enter the survey, I indicate my willingness to voluntarily take part in the study.",Male,34,Indian,,Doctorate or professional degree,Slightly Familiar,Moderately Comfortable,,,,,Curiosity,,3,Confidence,,4,Fear,,5,Hesitation,,4,Both appear equally confident,Robot 1,Robot 1,Both appear equally fearful,Robot 2,Both appear equally fearful,Robot 2,Robot 2,1991,35,1,Robot 2,Robot 2,Both appear equally curious,Robot 1,Robot 2,Robot 2,Robot 1,Robot 1,Both appear equally hesitant,Robot 2,Robot 1,Both appear equally hesitant
19/11/2025 6:22,19/11/2025 6:46,100,1454,TRUE,19/11/2025 6:46,R_12FbU2CplvD5dg8,,,,,53.4563,-113.5803,anonymous,EN,,"I have read and understood the above consent form. I certify that I am 18 years old or older and, by clicking the next button to enter the survey, I indicate my willingness to voluntarily take part in the study.",Female,27,Other,Latin,Bachelor's degree or equivalent,Very Familiar,Very Comfortable,Careful,Curious,Explorative,Afraid,Confidence,,3,Curiosity,,4,Hesitation,,3,Fear,,5,Robot 1,Robot 1,Robot 2,Both appear equally fearful,Robot 1,Robot 2,Robot 2,Robot 2,1998,28,1,Robot 2,Robot 2,Robot 1,Robot 1,Both appear equally curious,Robot 1,Robot 2,Robot 2,Robot 1,Robot 2,Both appear equally hesitant,Robot 1
19/11/2025 8:19,19/11/2025 8:23,100,278,TRUE,19/11/2025 8:23,R_7iq7e1fjx9t8Hz7,,,,,33.0032,-96.5434,anonymous,EN,,"I have read and understood the above consent form. I certify that I am 18 years old or older and, by clicking the next button to enter the survey, I indicate my willingness to voluntarily take part in the study.",Male,29,Indian,,Master's degree or equivalent,Extremely Familiar,Moderately Comfortable,,,,,Confidence,,4,Hesitation,,4,Fear,,4,Curiosity,,4,Robot 2,Robot 2,Robot 2,Robot 2,Robot 2,Robot 2,Robot 2,Robot 2,1996,30,1,Robot 1,Both appear equally curious,Robot 1,Robot 1,Robot 1,Robot 1,Robot 1,Robot 2,Both appear equally hesitant,Robot 2,Robot 2,Both appear equally hesitant
19/11/2025 14:12,19/11/2025 14:22,100,617,TRUE,19/11/2025 14:22,R_2JfkmxXckVaIWfm,,,,,48.8558,2.3494,anonymous,EN,,"I have read and understood the above consent form. I certify that I am 18 years old or older and, by clicking the next button to enter the survey, I indicate my willingness to voluntarily take part in the study.",Male,29,Eurasian,,Doctorate or professional degree,Moderately Familiar,Moderately Comfortable,direct,confirming,hesitant,observant,Confidence,,4,Curiosity,,4,Hesitation,,5,Curiosity,,2,Robot 1,Robot 1,Robot 1,Robot 1,Robot 1,Robot 2,Both appear equally fearful,Robot 1,1996,30,1,Robot 1,Robot 2,Robot 1,Robot 1,Robot 1,Both appear equally curious,Both appears equally hesitant,Robot 1,Both appear equally hesitant,Robot 2,Robot 1,Robot 1
19/11/2025 14:45,19/11/2025 14:55,100,571,TRUE,19/11/2025 14:55,R_4updVBASzgDqnwl,,,,,12.9753,77.591,anonymous,EN,,"I have read and understood the above consent form. I certify that I am 18 years old or older and, by clicking the next button to enter the survey, I indicate my willingness to voluntarily take part in the study.",Female,22,Indian,,Bachelor's degree or equivalent,Not Familiar,Slightly Comfortable,Calm,Curious ,Afraid,Hesitant,Confidence,,4,Curiosity,,5,Fear,,4,Hesitation,,4,Robot 1,Robot 1,Robot 1,Neither appears fearful,Robot 2,Robot 2,Robot 2,Both appear equally fearful,2003,23,1,Robot 2,Robot 2,Robot 1,Robot 1,Robot 2,Both appear equally curious,Robot 1,Robot 1,Robot 2,Robot 2,Robot 1,Robot 1
19/11/2025 19:26,19/11/2025 19:32,100,342,TRUE,19/11/2025 19:32,R_9jZJQuF2utaw1Dk,,,,,12.9753,77.591,anonymous,EN,,"I have read and understood the above consent form. I certify that I am 18 years old or older and, by clicking the next button to enter the survey, I indicate my willingness to voluntarily take part in the study.",Male,30,Indian,,Bachelor's degree or equivalent,Slightly Familiar,Not Comfortable,Confident,Slow,Confident,Scared,Confidence,,4,Hesitation,,4,Hesitation,,4,Fear,,3,Robot 1,Robot 1,Both appear equally fearful,Neither appears fearful,Robot 1,Robot 2,Robot 2,Robot 2,1995,31,1,Robot 2,Both appear equally curious,Robot 1,Robot 2,Robot 2,Robot 2,Robot 1,Robot 2,Both appear equally hesitant,Robot 2,Robot 1,Robot 1
20/11/2025 5:17,20/11/2025 5:31,100,839,TRUE,20/11/2025 5:31,R_8pVUGs2rT8ZylKT,,,,,51.5564,0.0715,anonymous,EN,,"I have read and understood the above consent form. I certify that I am 18 years old or older and, by clicking the next button to enter the survey, I indicate my willingness to voluntarily take part in the study.",Female,34,Indian,,Master's degree or equivalent,Moderately Familiar,Moderately Comfortable,,,,,Confidence,,5,Curiosity,,2,Hesitation,,4,Fear,,5,Robot 1,Robot 1,Robot 1,Both appear equally fearful,Robot 2,Robot 2,Robot 2,Both appear equally fearful,1991,35,1,Robot 1,Robot 2,Robot 2,Robot 2,Robot 2,Both appear equally curious,Robot 1,Robot 1,Robot 1,Robot 2,Robot 1,Both appear equally hesitant
21/11/2025 9:39,21/11/2025 9:49,100,628,TRUE,21/11/2025 9:49,R_1UeXl0xXMzfDrRy,,,,,26.455,-80.1076,anonymous,EN,,"I have read and understood the above consent form. I certify that I am 18 years old or older and, by clicking the next button to enter the survey, I indicate my willingness to voluntarily take part in the study.",Male,28,Indian,,Master's degree or equivalent,Moderately Familiar,Moderately Comfortable,Calm,Calm,Uncertain,Cautious,Confidence,,5,Fear,,3,Hesitation,,4,Curiosity,,5,Robot 1,Robot 1,Robot 1,Both appear equally fearful,Robot 2,Robot 2,Robot 2,Both appear equally fearful,1997,29,1,Both appear equally curious,Both appear equally curious,Robot 1,Robot 1,Both appear equally curious,Both appear equally curious,Neither appears hesitant,Robot 1,Robot 2,Robot 2,Robot 1,Both appear equally hesitant
19/11/2025 15:36,21/11/2025 11:04,100,156507,TRUE,21/11/2025 11:04,R_9r3wYI6diiWErGg,,,,,12.9753,77.591,anonymous,EN,,"I have read and understood the above consent form. I certify that I am 18 years old or older and, by clicking the next button to enter the survey, I indicate my willingness to voluntarily take part in the study.",Female,28,Indian,,Master's degree or equivalent,Slightly Familiar,Slightly Comfortable,,,,,Confidence,,4,Curiosity,,5,Hesitation,,3,Fear,,5,Robot 1,Robot 1,Both appear equally fearful,Both appear equally fearful,Both appear equally fearful,Robot 2,Robot 2,Both appear equally fearful,1995,31,3,Robot 2,Neither appears curious,Robot 1,Robot 1,Robot 2,Robot 2,Robot 1,Robot 1,Both appear equally hesitant,Robot 2,Both appear equally hesitant,Robot 2
20/11/2025 0:39,22/11/2025 14:10,100,221439,TRUE,22/11/2025 14:10,R_9IL8PoVkLU8CL7g,,,,,1.3563,103.7542,anonymous,EN,,"I have read and understood the above consent form. I certify that I am 18 years old or older and, by clicking the next button to enter the survey, I indicate my willingness to voluntarily take part in the study.",Male,30,Indian,,Master's degree or equivalent,Very Familiar,Very Comfortable,,,,,Confidence,,4,Curiosity,,3,Hesitation,,4,Fear,,4,Robot 1,Robot 1,Robot 1,Both appear equally fearful,Robot 2,Robot 2,Robot 2,Robot 2,1995,31,1,Both appear equally curious,Robot 2,Both appear equally curious,Robot 1,Robot 1,Robot 2,Robot 1,Robot 1,Robot 1,Robot 2,Robot 1,Both appear equally hesitant
16/11/2025 18:22,16/11/2025 18:23,21,67,FALSE,23/11/2025 18:23,R_95BGG9EeWVADiYs,,,,,1.3652,103.8367,anonymous,EN,,"I have read and understood the above consent form. I certify that I am 18 years old or older and, by clicking the next button to enter the survey, I indicate my willingness to voluntarily take part in the study.",Male,37,Indian,,Master's degree or equivalent,Extremely Familiar,Extremely Comfortable,,,,,,,,,,,,,,,,,,,,,,,,,,,,,,,,,,,,,,,
19/11/2025 10:22,19/11/2025 10:24,21,115,FALSE,26/11/2025 10:24,R_4CN6p5gDjuVmlC9,,,,,1.3248,103.8566,anonymous,EN,,"I have read and understood the above consent form. I certify that I am 18 years old or older and, by clicking the next button to enter the survey, I indicate my willingness to voluntarily take part in the study.",Male,27,Indian,,Bachelor's degree or equivalent,Extremely Familiar,Extremely Comfortable,,,,,,,,,,,,,,,,,,,,,,,,,,,,,,,,,,,,,,,
19/11/2025 11:58,19/11/2025 12:00,21,99,FALSE,26/11/2025 12:00,R_7F3vhmklVklPUls,,,,,53.4563,-113.5803,anonymous,EN,,"I have read and understood the above consent form. I certify that I am 18 years old or older and, by clicking the next button to enter the survey, I indicate my willingness to voluntarily take part in the study.",Male,26,Other,Pakistan ,Master's degree or equivalent,Very Familiar,Very Comfortable,,,,,,,,,,,,,,,,,,,,,,,,,,,,,,,,,,,,,,,
19/11/2025 12:15,19/11/2025 12:16,21,55,FALSE,26/11/2025 12:16,R_9YxJlCO9E9W5ZW9,,,,,12.9753,77.591,anonymous,EN,,"I have read and understood the above consent form. I certify that I am 18 years old or older and, by clicking the next button to enter the survey, I indicate my willingness to voluntarily take part in the study.",Male,31,Indian,,Doctorate or professional degree,Very Familiar,Moderately Comfortable,,,,,,,,,,,,,,,,,,,,,,,,,,,,,,,,,,,,,,,
19/11/2025 18:39,19/11/2025 18:40,21,33,FALSE,26/11/2025 18:40,R_3rPylceE1OwUy0p,,,,,40.734,-74.0712,anonymous,EN,,"I have read and understood the above consent form. I certify that I am 18 years old or older and, by clicking the next button to enter the survey, I indicate my willingness to voluntarily take part in the study.",Female,29,Indian,,Master's degree or equivalent,Moderately Familiar,Moderately Comfortable,,,,,,,,,,,,,,,,,,,,,,,,,,,,,,,,,,,,,,,
11/12/2025 14:59,11/12/2025 15:17,100,1102,TRUE,11/12/2025 15:17,R_9DReFeS2r5TZxi9,,,,,1.2872,103.8507,anonymous,EN,,"I have read and understood the above consent form. I certify that I am 18 years old or older and, by clicking the next button to enter the survey, I indicate my willingness to voluntarily take part in the study.",Male,34,Chinese,,Bachelor's degree or equivalent,Not Familiar,Slightly Comfortable,Normal,Slow respond,Curious,Shocked and scared,Confidence,,3,Hesitation,,3,Curiosity,,5,Fear,,5,Neither appears confident,Neither appears confident,Both appear equally fearful,Both appear equally fearful,Robot 2,Robot 1,Robot 2,Robot 2,1991,35,1,Robot 1,Robot 2,Robot 2,Robot 2,Robot 1,Robot 1,Both appears equally hesitant,Both appear equally hesitant,Both appear equally hesitant,Robot 2,Robot 2,Robot 2
11/12/2025 17:03,11/12/2025 17:14,100,625,TRUE,11/12/2025 17:14,R_41z2szcwjnuOhTv,,,,,28.6327,77.2198,anonymous,EN,,"I have read and understood the above consent form. I certify that I am 18 years old or older and, by clicking the next button to enter the survey, I indicate my willingness to voluntarily take part in the study.",Male,28,Indian,,Bachelor's degree or equivalent,Moderately Familiar,Moderately Comfortable,Approachable ,,Careful,Wary,Confidence,,3,Curiosity,,4,Hesitation,,3,Fear,,5,Robot 1,Robot 1,Robot 1,Both appear equally fearful,Robot 2,Robot 2,Robot 2,Both appear equally fearful,1997,29,1,Robot 1,Robot 2,Robot 2,Robot 2,Robot 1,Robot 1,Robot 1,Robot 1,Both appear equally hesitant,Robot 2,Robot 1,Both appear equally hesitant
